Workbook

Sheet Portfolio
A1: Stock | B1: Account | C1: Symbol | D1: Shares | E1: Price | F1: Currency | G1: Mkt Value | H1: Mkt Value (CAD) | I1: =WORKDAY(TODAY(),-5) -> 46195 | J1: =WORKDAY(EDATE(TODAY(),-1),-1) -> 46168 | K1: =WORKDAY(EDATE(TODAY(),-3),-1) -> 46107 | L1: =WORKDAY(EDATE(TODAY(),-12),-1) -> 45834
A2: #VALUE! | B2: TD | C2: {=_FV(A2,"Ticker symbol",TRUE)} -> SPY | D2: 100 | E2: {=_FV(A2,"Price")} -> 728.99 | F2: {=_FV(A2,"Currency")} -> USD | G2: =D2*E2 -> 72899 | H2: =IF(F2="CAD",G2,(G2*Currency!$B$2)) -> 103472.84 | I2: {=($E2 - _xlfn.STOCKHISTORY($A2, I$1,I$1,0,0,1))/$E2} -> -0.021125118 | J2: {=($E2 - _xlfn.STOCKHISTORY($A2, J$1,J$1,0,0,1))/$E2} -> -0.029630036 | K2: {=($E2 - _xlfn.STOCKHISTORY($A2, K$1,K$1,0,0,1))/$E2} -> 0.11509074 | L2: {=($E2 - _xlfn.STOCKHISTORY($A2, L$1,L$1,0,0,1))/$E2} -> 0.16066064
A3: #VALUE! | B3: TD | C3: {=_FV(A3,"Ticker symbol",TRUE)} -> QQQ | D3: 100 | E3: {=_FV(A3,"Price")} -> 706.52 | F3: {=_FV(A3,"Currency")} -> USD | G3: =D3*E3 -> 70652 | H3: =IF(F3="CAD",G3,(G3*Currency!$B$2)) -> 100283.45 | I3: {=($E3 - _xlfn.STOCKHISTORY($A3, I$1,I$1,0,0,1))/$E3} -> -0.044485648 | J3: {=($E3 - _xlfn.STOCKHISTORY($A3, J$1,J$1,0,0,1))/$E3} -> -0.033629621 | K3: {=($E3 - _xlfn.STOCKHISTORY($A3, K$1,K$1,0,0,1))/$E3} -> 0.18786446 | L3: {=($E3 - _xlfn.STOCKHISTORY($A3, L$1,L$1,0,0,1))/$E3} -> 0.22688671
A4: #VALUE! | B4: TD | C4: {=_FV(A4,"Ticker symbol",TRUE)} -> XIU | D4: 2000 | E4: {=_FV(A4,"Price")} -> 51.96 | F4: {=_FV(A4,"Currency")} -> CAD | G4: =D4*E4 -> 103920 | H4: =IF(F4="CAD",G4,(G4*Currency!$B$2)) -> 103920 | I4: {=($E4 - _xlfn.STOCKHISTORY($A4, I$1,I$1,0,0,1))/$E4} -> 0.0023094688 | J4: {=($E4 - _xlfn.STOCKHISTORY($A4, J$1,J$1,0,0,1))/$E4} -> 0.020592764 | K4: {=($E4 - _xlfn.STOCKHISTORY($A4, K$1,K$1,0,0,1))/$E4} -> 0.094495766 | L4: {=($E4 - _xlfn.STOCKHISTORY($A4, L$1,L$1,0,0,1))/$E4} -> 0.22575058
A5: #VALUE! | B5: TD | C5: {=_FV(A5,"Ticker symbol",TRUE)} -> TLT | D5: 800 | E5: {=_FV(A5,"Price")} -> 87.36 | F5: {=_FV(A5,"Currency")} -> USD | G5: =D5*E5 -> 69888 | H5: =IF(F5="CAD",G5,(G5*Currency!$B$2)) -> 99199.027 | I5: {=($E5 - _xlfn.STOCKHISTORY($A5, I$1,I$1,0,0,1))/$E5} -> 0.014537546 | J5: {=($E5 - _xlfn.STOCKHISTORY($A5, J$1,J$1,0,0,1))/$E5} -> 0.025869963 | K5: {=($E5 - _xlfn.STOCKHISTORY($A5, K$1,K$1,0,0,1))/$E5} -> 0.014308608 | L5: {=($E5 - _xlfn.STOCKHISTORY($A5, L$1,L$1,0,0,1))/$E5} -> -0.006753663
A6: #VALUE! | B6: TD | C6: {=_FV(A6,"Ticker symbol",TRUE)} -> GBUG | D6: 1000 | E6: {=_FV(A6,"Price")} -> 39.6355 | F6: {=_FV(A6,"Currency")} -> USD | G6: =D6*E6 -> 39635.5 | H6: =IF(F6="CAD",G6,(G6*Currency!$B$2)) -> 56258.629 | I6: {=($E6 - _xlfn.STOCKHISTORY($A6, I$1,I$1,0,0,1))/$E6} -> -0.046031966 | J6: {=($E6 - _xlfn.STOCKHISTORY($A6, J$1,J$1,0,0,1))/$E6} -> -0.12046019 | K6: {=($E6 - _xlfn.STOCKHISTORY($A6, K$1,K$1,0,0,1))/$E6} -> -0.029127928 | L6: {=($E6 - _xlfn.STOCKHISTORY($A6, L$1,L$1,0,0,1))/$E6} -> 0.35482837
A7: #VALUE! | B7: TD | C7: {=_FV(A7,"Ticker symbol",TRUE)} -> FNV | D7: 200 | E7: {=_FV(A7,"Price")} -> 305.32 | F7: {=_FV(A7,"Currency")} -> CAD | G7: =D7*E7 -> 61064 | H7: =IF(F7="CAD",G7,(G7*Currency!$B$2)) -> 61064 | I7: {=($E7 - _xlfn.STOCKHISTORY($A7, I$1,I$1,0,0,1))/$E7} -> -0.024269619 | J7: {=($E7 - _xlfn.STOCKHISTORY($A7, J$1,J$1,0,0,1))/$E7} -> -0.036650072 | K7: {=($E7 - _xlfn.STOCKHISTORY($A7, K$1,K$1,0,0,1))/$E7} -> -0.033014542 | L7: {=($E7 - _xlfn.STOCKHISTORY($A7, L$1,L$1,0,0,1))/$E7} -> 0.26369055
A8: #VALUE! | B8: TD | C8: {=_FV(A8,"Ticker symbol",TRUE)} -> WPM | D8: 400 | E8: {=_FV(A8,"Price")} -> 160.71 | F8: {=_FV(A8,"Currency")} -> CAD | G8: =D8*E8 -> 64284 | H8: =IF(F8="CAD",G8,(G8*Currency!$B$2)) -> 64284 | I8: {=($E8 - _xlfn.STOCKHISTORY($A8, I$1,I$1,0,0,1))/$E8} -> -0.072988613 | J8: {=($E8 - _xlfn.STOCKHISTORY($A8, J$1,J$1,0,0,1))/$E8} -> -0.12096323 | K8: {=($E8 - _xlfn.STOCKHISTORY($A8, K$1,K$1,0,0,1))/$E8} -> -0.026382926 | L8: {=($E8 - _xlfn.STOCKHISTORY($A8, L$1,L$1,0,0,1))/$E8} -> 0.23396179
A9: #VALUE! | B9: TD | C9: {=_FV(A9,"Ticker symbol",TRUE)} -> CCO | D9: 500 | E9: {=_FV(A9,"Price")} -> 147.97 | F9: {=_FV(A9,"Currency")} -> CAD | G9: =D9*E9 -> 73985 | H9: =IF(F9="CAD",G9,(G9*Currency!$B$2)) -> 73985 | I9: {=($E9 - _xlfn.STOCKHISTORY($A9, I$1,I$1,0,0,1))/$E9} -> -0.025478137 | J9: {=($E9 - _xlfn.STOCKHISTORY($A9, J$1,J$1,0,0,1))/$E9} -> -0.01013719 | K9: {=($E9 - _xlfn.STOCKHISTORY($A9, K$1,K$1,0,0,1))/$E9} -> 0.020139217 | L9: {=($E9 - _xlfn.STOCKHISTORY($A9, L$1,L$1,0,0,1))/$E9} -> 0.31405015
A10: #VALUE! | B10: TD | C10: {=_FV(A10,"Ticker symbol",TRUE)} -> NVDA | D10: 200 | E10: {=_FV(A10,"Price")} -> 192.53 | F10: {=_FV(A10,"Currency")} -> USD | G10: =D10*E10 -> 38506 | H10: =IF(F10="CAD",G10,(G10*Currency!$B$2)) -> 54655.416 | I10: {=($E10 - _xlfn.STOCKHISTORY($A10, I$1,I$1,0,0,1))/$E10} -> -0.083727211 | J10: {=($E10 - _xlfn.STOCKHISTORY($A10, J$1,J$1,0,0,1))/$E10} -> -0.11598192 | K10: {=($E10 - _xlfn.STOCKHISTORY($A10, K$1,K$1,0,0,1))/$E10} -> 0.11058017 | L10: {=($E10 - _xlfn.STOCKHISTORY($A10, L$1,L$1,0,0,1))/$E10} -> 0.19482678
A11: #VALUE! | B11: TD | C11: {=_FV(A11,"Ticker symbol",TRUE)} -> AMD | D11: 200 | E11: {=_FV(A11,"Price")} -> 521.58 | F11: {=_FV(A11,"Currency")} -> USD | G11: =D11*E11 -> 104316 | H11: =IF(F11="CAD",G11,(G11*Currency!$B$2)) -> 148066.13 | I11: {=($E11 - _xlfn.STOCKHISTORY($A11, I$1,I$1,0,0,1))/$E11} -> -0.057613405 | J11: {=($E11 - _xlfn.STOCKHISTORY($A11, J$1,J$1,0,0,1))/$E11} -> 0.033916178 | K11: {=($E11 - _xlfn.STOCKHISTORY($A11, K$1,K$1,0,0,1))/$E11} -> 0.60932168 | L11: {=($E11 - _xlfn.STOCKHISTORY($A11, L$1,L$1,0,0,1))/$E11} -> 0.72452931
A12: #VALUE! | B12: TD | C12: {=_FV(A12,"Ticker symbol",TRUE)} -> GOOG | D12: 150 | E12: {=_FV(A12,"Price")} -> 334.69 | F12: {=_FV(A12,"Currency")} -> USD | G12: =D12*E12 -> 50203.5 | H12: =IF(F12="CAD",G12,(G12*Currency!$B$2)) -> 71258.848 | I12: {=($E12 - _xlfn.STOCKHISTORY($A12, I$1,I$1,0,0,1))/$E12} -> -0.042098658 | J12: {=($E12 - _xlfn.STOCKHISTORY($A12, J$1,J$1,0,0,1))/$E12} -> -0.14984015 | K12: {=($E12 - _xlfn.STOCKHISTORY($A12, K$1,K$1,0,0,1))/$E12} -> 0.16119394 | L12: {=($E12 - _xlfn.STOCKHISTORY($A12, L$1,L$1,0,0,1))/$E12} -> 0.47883116
A13: #VALUE! | B13: TD | C13: {=_FV(A13,"Ticker symbol",TRUE)} -> XOM | D13: 200 | E13: {=_FV(A13,"Price")} -> 136.54 | F13: {=_FV(A13,"Currency")} -> USD | G13: =D13*E13 -> 27308 | H13: =IF(F13="CAD",G13,(G13*Currency!$B$2)) -> 38760.975 | I13: {=($E13 - _xlfn.STOCKHISTORY($A13, I$1,I$1,0,0,1))/$E13} -> -0.014135052 | J13: {=($E13 - _xlfn.STOCKHISTORY($A13, J$1,J$1,0,0,1))/$E13} -> -0.097187637 | K13: {=($E13 - _xlfn.STOCKHISTORY($A13, K$1,K$1,0,0,1))/$E13} -> -0.21158635 | L13: {=($E13 - _xlfn.STOCKHISTORY($A13, L$1,L$1,0,0,1))/$E13} -> 0.19444851
... A16: #VALUE! | B16: IB | C16: {=_FV(A16,"Ticker symbol",TRUE)} -> ETHA | D16: 500 | E16: {=_FV(A16,"Price")} -> 11.89 | F16: {=_FV(A16,"Currency")} -> USD | G16: =D16*E16 -> 5945 | H16: =IF(F16="CAD",G16,(G16*Currency!$B$2)) -> 8438.333 | I16: {=($E16 - _xlfn.STOCKHISTORY($A16, I$1,I$1,0,0,1))/$E16} -> -0.098402019 | J16: {=($E16 - _xlfn.STOCKHISTORY($A16, J$1,J$1,0,0,1))/$E16} -> -0.313709 | K16: {=($E16 - _xlfn.STOCKHISTORY($A16, K$1,K$1,0,0,1))/$E16} -> -0.30025231 | L16: {=($E16 - _xlfn.STOCKHISTORY($A16, L$1,L$1,0,0,1))/$E16} -> -0.55256518
B17: TD | C17: Cash | D17: 500 | E17: 1 | F17: CAD | G17: =D17*E17 -> 500 | H17: =IF(F17="CAD",G17,(G17*Currency!$B$2)) -> 500
B18: TD | C18: Cash | D18: 3000 | E18: 1 | F18: USD | G18: =D18*E18 -> 3000 | H18: =IF(F18="CAD",G18,(G18*Currency!$B$2)) -> 4258.2
B19: IB | C19: Cash | D19: 2000 | E19: 1 | F19: CAD | G19: =D19*E19 -> 2000 | H19: =IF(F19="CAD",G19,(G19*Currency!$B$2)) -> 2000
B20: IB | C20: Cash | D20: 0 | E20: 1 | F20: USD | G20: =D20*E20 -> 0 | H20: =IF(F20="CAD",G20,(G20*Currency!$B$2)) -> 0
H21: =SUM(H2:H20) -> 1087012.1

Sheet Options
A1: Stock | B1: Account | C1: Symbol | D1: Expirty | E1: Type | F1: Strike | G1: Shares | H1: Price | I1: Currency | J1: P/L | K1: P/L (CAD) | L1: Cost | M1: N.Value | N1: N.Value (CAD) | O1: =WORKDAY(TODAY(),-5) -> 46195 | P1: =WORKDAY(EDATE(TODAY(),-1),-1) -> 46168 | Q1: =WORKDAY(EDATE(TODAY(),-3),-1) -> 46107 | R1: =WORKDAY(EDATE(TODAY(),-12),-1) -> 45834
A2: #VALUE! | B2: TD | C2: {=_FV(A2,"Ticker symbol",TRUE)} -> FCX | D2: 46402 | E2: PUT | F2: 50 | G2: -5000 | H2: {=_FV(A2,"Price")} -> 62.45 | I2: {=_FV(A2,"Currency")} -> USD | J2: =IF(E2="PUT",IF((H2-F2)<0,(F2-H2)*G2,0),IF((H2-F2)>0,(H2-F2)*G2,0)) -> 0 | K2: =IF(I2="CAD",J2,(J2*Currency!$B$2)) -> 0 | L2: 36 | M2: =L2*-G2 -> 180000 | N2: =IF(I2="CAD",M2,(M2*Currency!$B$2)) -> 255492 | O2: {=($H2 - _xlfn.STOCKHISTORY($A2, O$1,O$1,0,0,1))/$H2} -> -0.1082466 | P2: {=(H2 - _xlfn.STOCKHISTORY($A2, P$1,P$1,0,0,1))/$H2} -> -0.030584468 | Q2: {=($H2 - _xlfn.STOCKHISTORY($A2, Q$1,Q$1,0,0,1))/$H2} -> 0.1060048 | R2: {=($H2 - _xlfn.STOCKHISTORY($A2, R$1,R$1,0,0,1))/$H2} -> 0.28807046
A3: #VALUE! | B3: TD | C3: {=_FV(A3,"Ticker symbol",TRUE)} -> FCX | D3: 46402 | E3: PUT | F3: 65 | G3: 2000 | H3: {=_FV(A3,"Price")} -> 62.45 | I3: {=_FV(A3,"Currency")} -> USD | J3: =IF(E3="PUT",IF((H3-F3)<0,(F3-H3)*G3,0),IF((H3-F3)>0,(H3-F3)*G3,0)) -> 5100 | K3: =IF(I3="CAD",J3,(J3*Currency!$B$2)) -> 7238.94 | L3: =IF(E3="PUT",IF(G3<0,-F3*G3,0),0) -> 0 | M3: =L3*-G3 -> 0 | N3: =IF(I3="CAD",M3,(M3*Currency!$B$2)) -> 0 | O3: {=($H3 - _xlfn.STOCKHISTORY($A3, O$1,O$1,0,0,1))/$H3} -> -0.1082466 | P3: {=(H3 - _xlfn.STOCKHISTORY($A3, P$1,P$1,0,0,1))/$H3} -> -0.030584468 | Q3: {=($H3 - _xlfn.STOCKHISTORY($A3, Q$1,Q$1,0,0,1))/$H3} -> 0.1060048 | R3: {=($H3 - _xlfn.STOCKHISTORY($A3, R$1,R$1,0,0,1))/$H3} -> 0.28807046
A4: #VALUE! | B4: TD | C4: {=_FV(A4,"Ticker symbol",TRUE)} -> HL | D4: 46402 | E4: PUT | F4: 12 | G4: -5000 | H4: {=_FV(A4,"Price")} -> 15.54 | I4: {=_FV(A4,"Currency")} -> USD | J4: =IF(E4="PUT",IF((H4-F4)<0,(F4-H4)*G4,0),IF((H4-F4)>0,(H4-F4)*G4,0)) -> 0 | K4: =IF(I4="CAD",J4,(J4*Currency!$B$2)) -> 0 | L4: 18 | M4: =L4*-G4 -> 90000 | N4: =IF(I4="CAD",M4,(M4*Currency!$B$2)) -> 127746 | O4: {=($H4 - _xlfn.STOCKHISTORY($A4, O$1,O$1,0,0,1))/$H4} -> -0.028314028 | P4: {=(H4 - _xlfn.STOCKHISTORY($A4, P$1,P$1,0,0,1))/$H4} -> -0.13127413 | Q4: {=($H4 - _xlfn.STOCKHISTORY($A4, Q$1,Q$1,0,0,1))/$H4} -> -0.10617761 | R4: {=($H4 - _xlfn.STOCKHISTORY($A4, R$1,R$1,0,0,1))/$H4} -> 0.61389961
A5: #VALUE! | B5: TD | C5: {=_FV(A5,"Ticker symbol",TRUE)} -> HL | D5: 46402 | E5: CALL | F5: 20 | G5: 2500 | H5: {=_FV(A5,"Price")} -> 15.54 | I5: {=_FV(A5,"Currency")} -> USD | J5: =IF(E5="PUT",IF((H5-F5)<0,(F5-H5)*G5,0),IF((H5-F5)>0,(H5-F5)*G5,0)) -> 0 | K5: =IF(I5="CAD",J5,(J5*Currency!$B$2)) -> 0 | L5: =IF(E5="PUT",IF(G5<0,-F5*G5,0),0) -> 0 | M5: =L5*-G5 -> 0 | N5: =IF(I5="CAD",M5,(M5*Currency!$B$2)) -> 0 | O5: {=($H5 - _xlfn.STOCKHISTORY($A5, O$1,O$1,0,0,1))/$H5} -> -0.028314028 | P5: {=(H5 - _xlfn.STOCKHISTORY($A5, P$1,P$1,0,0,1))/$H5} -> -0.13127413 | Q5: {=($H5 - _xlfn.STOCKHISTORY($A5, Q$1,Q$1,0,0,1))/$H5} -> -0.10617761 | R5: {=($H5 - _xlfn.STOCKHISTORY($A5, R$1,R$1,0,0,1))/$H5} -> 0.61389961
A6: #VALUE! | B6: TD | C6: {=_FV(A6,"Ticker symbol",TRUE)} -> SLV | D6: 46402 | E6: PUT | F6: 46 | G6: -5000 | H6: {=_FV(A6,"Price")} -> 53.28 | I6: {=_FV(A6,"Currency")} -> USD | J6: =IF(E6="PUT",IF((H6-F6)<0,(F6-H6)*G6,0),IF((H6-F6)>0,(H6-F6)*G6,0)) -> 0 | K6: =IF(I6="CAD",J6,(J6*Currency!$B$2)) -> 0 | L6: 55.5 | M6: =L6*-G6 -> 277500 | N6: =IF(I6="CAD",M6,(M6*Currency!$B$2)) -> 393883.5 | O6: {=($H6 - _xlfn.STOCKHISTORY($A6, O$1,O$1,0,0,1))/$H6} -> -0.10566817 | P6: {=(H6 - _xlfn.STOCKHISTORY($A6, P$1,P$1,0,0,1))/$H6} -> -0.30855856 | Q6: {=($H6 - _xlfn.STOCKHISTORY($A6, Q$1,Q$1,0,0,1))/$H6} -> -0.14057808 | R6: {=($H6 - _xlfn.STOCKHISTORY($A6, R$1,R$1,0,0,1))/$H6} -> 0.37424925
A7: #VALUE! | B7: TD | C7: {=_FV(A7,"Ticker symbol",TRUE)} -> SLV | D7: 46402 | E7: PUT | F7: 55 | G7: 2500 | H7: {=_FV(A7,"Price")} -> 53.28 | I7: {=_FV(A7,"Currency")} -> USD | J7: =IF(E7="PUT",IF((H7-F7)<0,(F7-H7)*G7,0),IF((H7-F7)>0,(H7-F7)*G7,0)) -> 4300 | K7: =IF(I7="CAD",J7,(J7*Currency!$B$2)) -> 6103.42 | L7: 0 | M7: =L7*-G7 -> 0 | N7: =IF(I7="CAD",M7,(M7*Currency!$B$2)) -> 0 | O7: {=($H7 - _xlfn.STOCKHISTORY($A7, O$1,O$1,0,0,1))/$H7} -> -0.10566817 | P7: {=(H7 - _xlfn.STOCKHISTORY($A7, P$1,P$1,0,0,1))/$H7} -> -0.30855856 | Q7: {=($H7 - _xlfn.STOCKHISTORY($A7, Q$1,Q$1,0,0,1))/$H7} -> -0.14057808 | R7: {=($H7 - _xlfn.STOCKHISTORY($A7, R$1,R$1,0,0,1))/$H7} -> 0.37424925
A8: #VALUE! | B8: TD | C8: {=_FV(A8,"Ticker symbol",TRUE)} -> AAPL | D8: 46402 | E8: PUT | F8: 150 | G8: 1200 | H8: {=_FV(A8,"Price")} -> 283.78 | I8: {=_FV(A8,"Currency")} -> USD | J8: =IF(E8="PUT",IF((H8-F8)<0,(F8-H8)*G8,0),IF((H8-F8)>0,(H8-F8)*G8,0)) -> 0 | K8: =IF(I8="CAD",J8,(J8*Currency!$B$2)) -> 0 | L8: 0 | M8: =L8*-G8 -> 0 | N8: =IF(I8="CAD",M8,(M8*Currency!$B$2)) -> 0 | O8: {=($H8 - _xlfn.STOCKHISTORY($A8, O$1,O$1,0,0,1))/$H8} -> -0.046620622 | P8: {=(H8 - _xlfn.STOCKHISTORY($A8, P$1,P$1,0,0,1))/$H8} -> -0.086510677 | Q8: {=($H8 - _xlfn.STOCKHISTORY($A8, Q$1,Q$1,0,0,1))/$H8} -> 0.10885193 | R8: {=($H8 - _xlfn.STOCKHISTORY($A8, R$1,R$1,0,0,1))/$H8} -> 0.29170484
A9: #VALUE! | B9: TD | C9: {=_FV(A9,"Ticker symbol",TRUE)} -> AAPL | D9: 46402 | E9: PUT | F9: 200 | G9: -900 | H9: {=_FV(A9,"Price")} -> 283.78 | I9: {=_FV(A9,"Currency")} -> USD | J9: =IF(E9="PUT",IF((H9-F9)<0,(F9-H9)*G9,0),IF((H9-F9)>0,(H9-F9)*G9,0)) -> 0 | K9: =IF(I9="CAD",J9,(J9*Currency!$B$2)) -> 0 | L9: 200 | M9: =L9*-G9 -> 180000 | N9: =IF(I9="CAD",M9,(M9*Currency!$B$2)) -> 255492 | O9: {=($H9 - _xlfn.STOCKHISTORY($A9, O$1,O$1,0,0,1))/$H9} -> -0.046620622 | P9: {=(H9 - _xlfn.STOCKHISTORY($A9, P$1,P$1,0,0,1))/$H9} -> -0.086510677 | Q9: {=($H9 - _xlfn.STOCKHISTORY($A9, Q$1,Q$1,0,0,1))/$H9} -> 0.10885193 | R9: {=($H9 - _xlfn.STOCKHISTORY($A9, R$1,R$1,0,0,1))/$H9} -> 0.29170484
A10: #VALUE! | B10: TD | C10: {=_FV(A10,"Ticker symbol",TRUE)} -> AAPL | D10: 46402 | E10: PUT | F10: 250 | G10: 300 | H10: {=_FV(A10,"Price")} -> 283.78 | I10: {=_FV(A10,"Currency")} -> USD | J10: =IF(E10="PUT",IF((H10-F10)<0,(F10-H10)*G10,0),IF((H10-F10)>0,(H10-F10)*G10,0)) -> 0 | K10: =IF(I10="CAD",J10,(J10*Currency!$B$2)) -> 0 | L10: 0 | M10: =L10*-G10 -> 0 | N10: =IF(I10="CAD",M10,(M10*Currency!$B$2)) -> 0 | O10: {=($H10 - _xlfn.STOCKHISTORY($A10, O$1,O$1,0,0,1))/$H10} -> -0.046620622 | P10: {=(H10 - _xlfn.STOCKHISTORY($A10, P$1,P$1,0,0,1))/$H10} -> -0.086510677 | Q10: {=($H10 - _xlfn.STOCKHISTORY($A10, Q$1,Q$1,0,0,1))/$H10} -> 0.10885193 | R10: {=($H10 - _xlfn.STOCKHISTORY($A10, R$1,R$1,0,0,1))/$H10} -> 0.29170484
A11: #VALUE! | B11: TD | C11: {=_FV(A11,"Ticker symbol",TRUE)} -> PAAS | D11: 46402 | E11: CALL | F11: 60 | G11: 2000 | H11: {=_FV(A11,"Price")} -> 45.45 | I11: {=_FV(A11,"Currency")} -> USD | J11: =IF(E11="PUT",IF((H11-F11)<0,(F11-H11)*G11,0),IF((H11-F11)>0,(H11-F11)*G11,0)) -> 0 | K11: =IF(I11="CAD",J11,(J11*Currency!$B$2)) -> 0 | L11: 0 | M11: =L11*-G11 -> 0 | N11: =IF(I11="CAD",M11,(M11*Currency!$B$2)) -> 0 | O11: {=($H11 - _xlfn.STOCKHISTORY($A11, O$1,O$1,0,0,1))/$H11} -> -0.076127613 | P11: {=(H11 - _xlfn.STOCKHISTORY($A11, P$1,P$1,0,0,1))/$H11} -> -0.21782178 | Q11: {=($H11 - _xlfn.STOCKHISTORY($A11, Q$1,Q$1,0,0,1))/$H11} -> -0.092409241 | R11: {=($H11 - _xlfn.STOCKHISTORY($A11, R$1,R$1,0,0,1))/$H11} -> 0.35907591
A12: #VALUE! | B12: TD | C12: {=_FV(A12,"Ticker symbol",TRUE)} -> PAAS | D12: 46402 | E12: CALL | F12: 80 | G12: -4000 | H12: {=_FV(A12,"Price")} -> 45.45 | I12: {=_FV(A12,"Currency")} -> USD | J12: =IF(E12="PUT",IF((H12-F12)<0,(F12-H12)*G12,0),IF((H12-F12)>0,(H12-F12)*G12,0)) -> 0 | K12: =IF(I12="CAD",J12,(J12*Currency!$B$2)) -> 0 | L12: 100 | M12: =L12*-G12 -> 400000 | N12: =IF(I12="CAD",M12,(M12*Currency!$B$2)) -> 567760 | O12: {=($H12 - _xlfn.STOCKHISTORY($A12, O$1,O$1,0,0,1))/$H12} -> -0.076127613 | P12: {=(H12 - _xlfn.STOCKHISTORY($A12, P$1,P$1,0,0,1))/$H12} -> -0.21782178 | Q12: {=($H12 - _xlfn.STOCKHISTORY($A12, Q$1,Q$1,0,0,1))/$H12} -> -0.092409241 | R12: {=($H12 - _xlfn.STOCKHISTORY($A12, R$1,R$1,0,0,1))/$H12} -> 0.35907591
A13: #VALUE! | B13: TD | C13: {=_FV(A13,"Ticker symbol",TRUE)} -> SPY | D13: 46402 | E13: PUT | F13: 580 | G13: -1000 | H13: {=_FV(A13,"Price")} -> 728.99 | I13: {=_FV(A13,"Currency")} -> USD | J13: =IF(E13="PUT",IF((H13-F13)<0,(F13-H13)*G13,0),IF((H13-F13)>0,(H13-F13)*G13,0)) -> 0 | K13: =IF(I13="CAD",J13,(J13*Currency!$B$2)) -> 0 | L13: 0 | M13: =L13*-G13 -> 0 | N13: =IF(I13="CAD",M13,(M13*Currency!$B$2)) -> 0 | O13: {=($H13 - _xlfn.STOCKHISTORY($A13, O$1,O$1,0,0,1))/$H13} -> -0.021125118 | P13: {=(H13 - _xlfn.STOCKHISTORY($A13, P$1,P$1,0,0,1))/$H13} -> -0.029630036 | Q13: {=($H13 - _xlfn.STOCKHISTORY($A13, Q$1,Q$1,0,0,1))/$H13} -> 0.11509074 | R13: {=($H13 - _xlfn.STOCKHISTORY($A13, R$1,R$1,0,0,1))/$H13} -> 0.16066064
A14: #VALUE! | B14: TD | C14: {=_FV(A14,"Ticker symbol",TRUE)} -> SPY | D14: 46465 | E14: PUT | F14: 680 | G14: 1000 | H14: {=_FV(A14,"Price")} -> 728.99 | I14: {=_FV(A14,"Currency")} -> USD | J14: =IF(E14="PUT",IF((H14-F14)<0,(F14-H14)*G14,0),IF((H14-F14)>0,(H14-F14)*G14,0)) -> 0 | K14: =IF(I14="CAD",J14,(J14*Currency!$B$2)) -> 0 | L14: 0 | M14: =L14*-G14 -> 0 | N14: =IF(I14="CAD",M14,(M14*Currency!$B$2)) -> 0 | O14: {=($H14 - _xlfn.STOCKHISTORY($A14, O$1,O$1,0,0,1))/$H14} -> -0.021125118 | P14: {=(H14 - _xlfn.STOCKHISTORY($A14, P$1,P$1,0,0,1))/$H14} -> -0.029630036 | Q14: {=($H14 - _xlfn.STOCKHISTORY($A14, Q$1,Q$1,0,0,1))/$H14} -> 0.11509074 | R14: {=($H14 - _xlfn.STOCKHISTORY($A14, R$1,R$1,0,0,1))/$H14} -> 0.16066064
A15: #VALUE! | B15: TD | C15: {=_FV(A15,"Ticker symbol",TRUE)} -> TRI | D15: 46402 | E15: PUT | F15: 120 | G15: -100 | H15: {=_FV(A15,"Price")} -> 119.04 | I15: {=_FV(A15,"Currency")} -> CAD | J15: =IF(E15="PUT",IF((H15-F15)<0,(F15-H15)*G15,0),IF((H15-F15)>0,(H15-F15)*G15,0)) -> -96 | K15: =IF(I15="CAD",J15,(J15*Currency!$B$2)) -> -96 | L15: 120 | M15: =L15*-G15 -> 12000 | N15: =IF(I15="CAD",M15,(M15*Currency!$B$2)) -> 12000 | O15: {=($H15 - _xlfn.STOCKHISTORY($A15, O$1,O$1,0,0,1))/$H15} -> 0.088541667 | P15: {=(H15 - _xlfn.STOCKHISTORY($A15, P$1,P$1,0,0,1))/$H15} -> 0.028981855 | Q15: {=($H15 - _xlfn.STOCKHISTORY($A15, Q$1,Q$1,0,0,1))/$H15} -> -0.053091398 | R15: {=($H15 - _xlfn.STOCKHISTORY($A15, R$1,R$1,0,0,1))/$H15} -> -1.2585685
A16: #VALUE! | B16: TD | C16: {=_FV(A16,"Ticker symbol",TRUE)} -> TSLA | D16: 46402 | E16: PUT | F16: 300 | G16: -400 | H16: {=_FV(A16,"Price")} -> 379.71 | I16: {=_FV(A16,"Currency")} -> USD | J16: =IF(E16="PUT",IF((H16-F16)<0,(F16-H16)*G16,0),IF((H16-F16)>0,(H16-F16)*G16,0)) -> 0 | K16: =IF(I16="CAD",J16,(J16*Currency!$B$2)) -> 0 | L16: 0 | M16: =L16*-G16 -> 0 | N16: =IF(I16="CAD",M16,(M16*Currency!$B$2)) -> 0 | O16: {=($H16 - _xlfn.STOCKHISTORY($A16, O$1,O$1,0,0,1))/$H16} -> -0.06673514 | P16: {=(H16 - _xlfn.STOCKHISTORY($A16, P$1,P$1,0,0,1))/$H16} -> -0.14189776 | Q16: {=($H16 - _xlfn.STOCKHISTORY($A16, Q$1,Q$1,0,0,1))/$H16} -> 0.020015275 | R16: {=($H16 - _xlfn.STOCKHISTORY($A16, R$1,R$1,0,0,1))/$H16} -> 0.14202944
A17: #VALUE! | B17: TD | C17: {=_FV(A17,"Ticker symbol",TRUE)} -> TSLA | D17: 46402 | E17: PUT | F17: 400 | G17: 200 | H17: {=_FV(A17,"Price")} -> 379.71 | I17: {=_FV(A17,"Currency")} -> USD | J17: =IF(E17="PUT",IF((H17-F17)<0,(F17-H17)*G17,0),IF((H17-F17)>0,(H17-F17)*G17,0)) -> 4058 | K17: =IF(I17="CAD",J17,(J17*Currency!$B$2)) -> 5759.9252 | L17: 0 | M17: =L17*-G17 -> 0 | N17: =IF(I17="CAD",M17,(M17*Currency!$B$2)) -> 0 | O17: {=($H17 - _xlfn.STOCKHISTORY($A17, O$1,O$1,0,0,1))/$H17} -> -0.06673514 | P17: {=(H17 - _xlfn.STOCKHISTORY($A17, P$1,P$1,0,0,1))/$H17} -> -0.14189776 | Q17: {=($H17 - _xlfn.STOCKHISTORY($A17, Q$1,Q$1,0,0,1))/$H17} -> 0.020015275 | R17: {=($H17 - _xlfn.STOCKHISTORY($A17, R$1,R$1,0,0,1))/$H17} -> 0.14202944

Sheet Currency
A1: Currency | B1: Price | C1: Change | D1: =WORKDAY(TODAY(),-5) -> 46195 | E1: =WORKDAY(EDATE(TODAY(),-1),-1) -> 46168 | F1: =WORKDAY(EDATE(TODAY(),-3),-1) -> 46107 | G1: =WORKDAY(EDATE(TODAY(),-12),-1) -> 45834 | H1: =WORKDAY(EDATE(TODAY(),-18),-1) -> 45652 | I1: =WORKDAY(EDATE(TODAY(),-24),-1) -> 45469 | J1: =WORKDAY(EDATE(TODAY(),-36),-1) -> 45103 | K1: =WORKDAY(EDATE(TODAY(),-48),-1) -> 44736
A2: #VALUE! | B2: {=_FV(A2,"Price")} -> 1.4194 | C2: {=_FV(A2,"Change (%)",TRUE)} -> -0.0002817 | D2: {=($B2 - _xlfn.STOCKHISTORY($A2, D$1,D$1,0,0,1))/$B2} -> 0.0026771875 | E2: {=($B2 - _xlfn.STOCKHISTORY($A2, E$1,E$1,0,0,1))/$B2} -> 0.027124137 | F2: {=($B2 - _xlfn.STOCKHISTORY($A2, F$1,F$1,0,0,1))/$B2} -> 0.023671974 | G2: {=($B2 - _xlfn.STOCKHISTORY($A2, G$1,G$1,0,0,1))/$B2} -> 0.039030576 | H2: {=($B2 - _xlfn.STOCKHISTORY($A2, H$1,H$1,0,0,1))/$B2} -> -0.015006341 | I2: {=($B2 - _xlfn.STOCKHISTORY($A2, I$1,I$1,0,0,1))/$B2} -> 0.034803438 | J2: {=($B2 - _xlfn.STOCKHISTORY($A2, J$1,J$1,0,0,1))/$B2} -> 0.073340848 | K2: {=($B2 - _xlfn.STOCKHISTORY($A2, K$1,K$1,0,0,1))/$B2} -> 0.091658447
A3: #VALUE! | B3: {=_FV(A3,"Price")} -> 59917.63 | C3: {=_FV(A3,"Change (%)",TRUE)} -> 0.010198 | D3: {=($B3 - _xlfn.STOCKHISTORY($A3, D$1,D$1,0,0,1))/$B3} -> -0.074390459 | E3: {=($B3 - _xlfn.STOCKHISTORY($A3, E$1,E$1,0,0,1))/$B3} -> -0.26872191 | F3: {=($B3 - _xlfn.STOCKHISTORY($A3, F$1,F$1,0,0,1))/$B3} -> -0.15105354 | G3: {=($B3 - _xlfn.STOCKHISTORY($A3, G$1,G$1,0,0,1))/$B3} -> -0.79929213 | H3: {=($B3 - _xlfn.STOCKHISTORY($A3, H$1,H$1,0,0,1))/$B3} -> -0.59707585 | I3: {=($B3 - _xlfn.STOCKHISTORY($A3, I$1,I$1,0,0,1))/$B3} -> -0.01722982 | J3: {=($B3 - _xlfn.STOCKHISTORY($A3, J$1,J$1,0,0,1))/$B3} -> 0.496659 | K3: {=($B3 - _xlfn.STOCKHISTORY($A3, K$1,K$1,0,0,1))/$B3} -> 0.64666076
A4: #VALUE! | B4: {=_FV(A4,"Price")} -> 1568.55 | C4: {=_FV(A4,"Change (%)",TRUE)} -> 0.011302 | D4: {=($B4 - _xlfn.STOCKHISTORY($A4, D$1,D$1,0,0,1))/$B4} -> -0.1048803 | E4: {=($B4 - _xlfn.STOCKHISTORY($A4, E$1,E$1,0,0,1))/$B4} -> -0.32341334 | F4: {=($B4 - _xlfn.STOCKHISTORY($A4, F$1,F$1,0,0,1))/$B4} -> -0.3153932 | G4: {=($B4 - _xlfn.STOCKHISTORY($A4, G$1,G$1,0,0,1))/$B4} -> -0.55974626 | H4: {=($B4 - _xlfn.STOCKHISTORY($A4, H$1,H$1,0,0,1))/$B4} -> -1.1247012 | I4: {=($B4 - _xlfn.STOCKHISTORY($A4, I$1,I$1,0,0,1))/$B4} -> -1.1609767 | J4: {=($B4 - _xlfn.STOCKHISTORY($A4, J$1,J$1,0,0,1))/$B4} -> -0.18026203 | K4: {=($B4 - _xlfn.STOCKHISTORY($A4, K$1,K$1,0,0,1))/$B4} -> 0.22372255
A5: #VALUE! | B5: {=_FV(A5,"Price")} -> 0.8783 | C5: {=_FV(A5,"Change (%)",TRUE)} -> -0.001364 | D5: {=($B5 - _xlfn.STOCKHISTORY($A5, D$1,D$1,0,0,1))/$B5} -> 0.0038711147 | E5: {=($B5 - _xlfn.STOCKHISTORY($A5, E$1,E$1,0,0,1))/$B5} -> 0.021177274 | F5: {=($B5 - _xlfn.STOCKHISTORY($A5, F$1,F$1,0,0,1))/$B5} -> 0.012524194 | G5: {=($B5 - _xlfn.STOCKHISTORY($A5, G$1,G$1,0,0,1))/$B5} -> 0.026983946 | H5: {=($B5 - _xlfn.STOCKHISTORY($A5, H$1,H$1,0,0,1))/$B5} -> -0.092223614 | I5: {=($B5 - _xlfn.STOCKHISTORY($A5, I$1,I$1,0,0,1))/$B5} -> -0.065922805 | J5: {=($B5 - _xlfn.STOCKHISTORY($A5, J$1,J$1,0,0,1))/$B5} -> -0.043834681 | K5: {=($B5 - _xlfn.STOCKHISTORY($A5, K$1,K$1,0,0,1))/$B5} -> -0.078333144
A6: #VALUE! | B6: {=_FV(A6,"Price")} -> 161.73 | C6: {=_FV(A6,"Change (%)",TRUE)} -> -0.0003091 | D6: {=($B6 - _xlfn.STOCKHISTORY($A6, D$1,D$1,0,0,1))/$B6} -> 0.0011747975 | E6: {=($B6 - _xlfn.STOCKHISTORY($A6, E$1,E$1,0,0,1))/$B6} -> 0.015086873 | F6: {=($B6 - _xlfn.STOCKHISTORY($A6, F$1,F$1,0,0,1))/$B6} -> 0.011933469 | G6: {=($B6 - _xlfn.STOCKHISTORY($A6, G$1,G$1,0,0,1))/$B6} -> 0.10733939 | H6: {=($B6 - _xlfn.STOCKHISTORY($A6, H$1,H$1,0,0,1))/$B6} -> 0.02306313 | I6: {=($B6 - _xlfn.STOCKHISTORY($A6, I$1,I$1,0,0,1))/$B6} -> 0.0058121561 | J6: {=($B6 - _xlfn.STOCKHISTORY($A6, J$1,J$1,0,0,1))/$B6} -> 0.11271873 | K6: {=($B6 - _xlfn.STOCKHISTORY($A6, K$1,K$1,0,0,1))/$B6} -> 0.16422432
A7: #VALUE! | B7: {=_FV(A7,"Price")} -> 6.798 | C7: {=_FV(A7,"Change (%)",TRUE)} -> 5.884e-05 | D7: {=($B7 - _xlfn.STOCKHISTORY($A7, D$1,D$1,0,0,1))/$B7} -> 0.0034568991 | E7: {=($B7 - _xlfn.STOCKHISTORY($A7, E$1,E$1,0,0,1))/$B7} -> 0.0017652251 | F7: {=($B7 - _xlfn.STOCKHISTORY($A7, F$1,F$1,0,0,1))/$B7} -> -0.016578405 | G7: {=($B7 - _xlfn.STOCKHISTORY($A7, G$1,G$1,0,0,1))/$B7} -> -0.054295381 | H7: {=($B7 - _xlfn.STOCKHISTORY($A7, H$1,H$1,0,0,1))/$B7} -> -0.073565755 | I7: {=($B7 - _xlfn.STOCKHISTORY($A7, I$1,I$1,0,0,1))/$B7} -> -0.068932039 | J7: {=($B7 - _xlfn.STOCKHISTORY($A7, J$1,J$1,0,0,1))/$B7} -> -0.064489556 | K7: {=($B7 - _xlfn.STOCKHISTORY($A7, K$1,K$1,0,0,1))/$B7} -> 0.01621065
A8: #VALUE! | B8: {=_FV(A8,"Price")} -> 46.6146 | C8: {=_FV(A8,"Change (%)",TRUE)} -> 0.002365 | D8: {=($B8 - _xlfn.STOCKHISTORY($A8, D$1,D$1,0,0,1))/$B8} -> 0.003295105 | E8: {=($B8 - _xlfn.STOCKHISTORY($A8, E$1,E$1,0,0,1))/$B8} -> 0.015752575 | F8: {=($B8 - _xlfn.STOCKHISTORY($A8, F$1,F$1,0,0,1))/$B8} -> 0.04913482 | G8: {=($B8 - _xlfn.STOCKHISTORY($A8, G$1,G$1,0,0,1))/$B8} -> 0.14748169 | H8: {=($B8 - _xlfn.STOCKHISTORY($A8, H$1,H$1,0,0,1))/$B8} -> 0.24633913 | I8: {=($B8 - _xlfn.STOCKHISTORY($A8, I$1,I$1,0,0,1))/$B8} -> 0.29554474 | J8: {=($B8 - _xlfn.STOCKHISTORY($A8, J$1,J$1,0,0,1))/$B8} -> 0.44408619 | K8: {=($B8 - _xlfn.STOCKHISTORY($A8, K$1,K$1,0,0,1))/$B8} -> 0.63775298
A9: #VALUE! | B9: {=_FV(A9,"Price")} -> 94.3006 | C9: {=_FV(A9,"Change (%)",TRUE)} -> -0.001 | D9: {=($B9 - _xlfn.STOCKHISTORY($A9, D$1,D$1,0,0,1))/$B9} -> -0.0039967932 | E9: {=($B9 - _xlfn.STOCKHISTORY($A9, E$1,E$1,0,0,1))/$B9} -> -0.014627691 | F9: {=($B9 - _xlfn.STOCKHISTORY($A9, F$1,F$1,0,0,1))/$B9} -> 0.00035630738 | G9: {=($B9 - _xlfn.STOCKHISTORY($A9, G$1,G$1,0,0,1))/$B9} -> 0.091946393 | H9: {=($B9 - _xlfn.STOCKHISTORY($A9, H$1,H$1,0,0,1))/$B9} -> 0.095933642 | I9: {=($B9 - _xlfn.STOCKHISTORY($A9, I$1,I$1,0,0,1))/$B9} -> 0.11389747 | J9: {=($B9 - _xlfn.STOCKHISTORY($A9, J$1,J$1,0,0,1))/$B9} -> 0.13075845 | K9: {=($B9 - _xlfn.STOCKHISTORY($A9, K$1,K$1,0,0,1))/$B9} -> 0.17041885
A10: #VALUE! | B10: {=_FV(A10,"Price")} -> 1.2931 | C10: {=_FV(A10,"Change (%)",TRUE)} -> -0.001698 | D10: {=($B10 - _xlfn.STOCKHISTORY($A10, D$1,D$1,0,0,1))/$B10} -> 0.00015466708 | E10: {=($B10 - _xlfn.STOCKHISTORY($A10, E$1,E$1,0,0,1))/$B10} -> 0.012296033 | F10: {=($B10 - _xlfn.STOCKHISTORY($A10, F$1,F$1,0,0,1))/$B10} -> 0.0062640167 | G10: {=($B10 - _xlfn.STOCKHISTORY($A10, G$1,G$1,0,0,1))/$B10} -> 0.014925373 | H10: {=($B10 - _xlfn.STOCKHISTORY($A10, H$1,H$1,0,0,1))/$B10} -> -0.050885469 | I10: {=($B10 - _xlfn.STOCKHISTORY($A10, I$1,I$1,0,0,1))/$B10} -> -0.050344134 | J10: {=($B10 - _xlfn.STOCKHISTORY($A10, J$1,J$1,0,0,1))/$B10} -> -0.04632279 | K10: {=($B10 - _xlfn.STOCKHISTORY($A10, K$1,K$1,0,0,1))/$B10} -> -0.071456191
A11: #VALUE! | B11: {=_FV(A11,"Price")} -> 31.845 | C11: {=_FV(A11,"Change (%)",TRUE)} -> 0.00151 | D11: {=($B11 - _xlfn.STOCKHISTORY($A11, D$1,D$1,0,0,1))/$B11} -> 0.0064374313 | E11: {=($B11 - _xlfn.STOCKHISTORY($A11, E$1,E$1,0,0,1))/$B11} -> 0.013345894 | F11: {=($B11 - _xlfn.STOCKHISTORY($A11, F$1,F$1,0,0,1))/$B11} -> -0.0036426441 | G11: {=($B11 - _xlfn.STOCKHISTORY($A11, G$1,G$1,0,0,1))/$B11} -> 0.084346051 | H11: {=($B11 - _xlfn.STOCKHISTORY($A11, H$1,H$1,0,0,1))/$B11} -> -0.028732925 | I11: {=($B11 - _xlfn.STOCKHISTORY($A11, I$1,I$1,0,0,1))/$B11} -> -0.022107081 | J11: {=($B11 - _xlfn.STOCKHISTORY($A11, J$1,J$1,0,0,1))/$B11} -> 0.026314963 | K11: {=($B11 - _xlfn.STOCKHISTORY($A11, K$1,K$1,0,0,1))/$B11} -> 0.067514523
A13: Commodity
A14: #VALUE! | B14: {=_FV(A14,"Price")} -> 4103 | C14: {=_FV(A14,"Change (%)",TRUE)} -> 0.013687 | D14: {=($B14 - _xlfn.STOCKHISTORY($A14, D$1,D$1,0,0,1))/$B14} -> -0.024299293 | E14: {=($B14 - _xlfn.STOCKHISTORY($A14, E$1,E$1,0,0,1))/$B14} -> -0.097319035 | F14: {=($B14 - _xlfn.STOCKHISTORY($A14, F$1,F$1,0,0,1))/$B14} -> -0.066609798 | G14: {=($B14 - _xlfn.STOCKHISTORY($A14, G$1,G$1,0,0,1))/$B14} -> 0.1840117 | H14: {=($B14 - _xlfn.STOCKHISTORY($A14, H$1,H$1,0,0,1))/$B14} -> 0.3531806 | I14: {=($B14 - _xlfn.STOCKHISTORY($A14, I$1,I$1,0,0,1))/$B14} -> 0.4362174 | J14: {=($B14 - _xlfn.STOCKHISTORY($A14, J$1,J$1,0,0,1))/$B14} -> 0.52868633 | K14: {=($B14 - _xlfn.STOCKHISTORY($A14, K$1,K$1,0,0,1))/$B14} -> 0.55391177
A15: #VALUE! | B15: {=_FV(A15,"Price")} -> 59.16 | C15: {=_FV(A15,"Change (%)",TRUE)} -> 0.013691 | D15: {=($B15 - _xlfn.STOCKHISTORY($A15, D$1,D$1,0,0,1))/$B15} -> -0.10856998 | E15: {=($B15 - _xlfn.STOCKHISTORY($A15, E$1,E$1,0,0,1))/$B15} -> -0.2948952 | F15: {=($B15 - _xlfn.STOCKHISTORY($A15, F$1,F$1,0,0,1))/$B15} -> -0.14830967 | G15: {=($B15 - _xlfn.STOCKHISTORY($A15, G$1,G$1,0,0,1))/$B15} -> 0.38149087 | H15: {=($B15 - _xlfn.STOCKHISTORY($A15, H$1,H$1,0,0,1))/$B15} -> 0.48632522 | I15: {=($B15 - _xlfn.STOCKHISTORY($A15, I$1,I$1,0,0,1))/$B15} -> 0.51098715 | J15: {=($B15 - _xlfn.STOCKHISTORY($A15, J$1,J$1,0,0,1))/$B15} -> 0.61416498 | K15: {=($B15 - _xlfn.STOCKHISTORY($A15, K$1,K$1,0,0,1))/$B15} -> 0.64291751
A16: #VALUE! | B16: {=_FV(A16,"Price")} -> 1629.1 | C16: {=_FV(A16,"Change (%)",TRUE)} -> 0.006363 | D16: {=($B16 - _xlfn.STOCKHISTORY($A16, D$1,D$1,0,0,1))/$B16} -> -0.026456326 | E16: {=($B16 - _xlfn.STOCKHISTORY($A16, E$1,E$1,0,0,1))/$B16} -> -0.19796206 | F16: {=($B16 - _xlfn.STOCKHISTORY($A16, F$1,F$1,0,0,1))/$B16} -> -0.12878276 | G16: {=($B16 - _xlfn.STOCKHISTORY($A16, G$1,G$1,0,0,1))/$B16} -> 0.14075256 | H16: {=($B16 - _xlfn.STOCKHISTORY($A16, H$1,H$1,0,0,1))/$B16} -> 0.41427782 | I16: {=($B16 - _xlfn.STOCKHISTORY($A16, I$1,I$1,0,0,1))/$B16} -> 0.37180038 | J16: {=($B16 - _xlfn.STOCKHISTORY($A16, J$1,J$1,0,0,1))/$B16} -> 0.42999202 | K16: {=($B16 - _xlfn.STOCKHISTORY($A16, K$1,K$1,0,0,1))/$B16} -> 0.44527653
A17: #VALUE! | B17: {=_FV(A17,"Price")} -> 3.287 | C17: {=_FV(A17,"Change (%)",TRUE)} -> -0.002428 | D17: {=($B17 - _xlfn.STOCKHISTORY($A17, D$1,D$1,0,0,1))/$B17} -> #VALUE! | E17: {=($B17 - _xlfn.STOCKHISTORY($A17, E$1,E$1,0,0,1))/$B17} -> #VALUE! | F17: {=($B17 - _xlfn.STOCKHISTORY($A17, F$1,F$1,0,0,1))/$B17} -> 0.087617889 | G17: {=($B17 - _xlfn.STOCKHISTORY($A17, G$1,G$1,0,0,1))/$B17} -> -0.072710678 | H17: {=($B17 - _xlfn.STOCKHISTORY($A17, H$1,H$1,0,0,1))/$B17} -> -0.13020992 | I17: {=($B17 - _xlfn.STOCKHISTORY($A17, I$1,I$1,0,0,1))/$B17} -> 0.164892 | J17: {=($B17 - _xlfn.STOCKHISTORY($A17, J$1,J$1,0,0,1))/$B17} -> 0.15089747 | K17: {=($B17 - _xlfn.STOCKHISTORY($A17, K$1,K$1,0,0,1))/$B17} -> -0.89230301
